{
   "charging_pose" : {
      "orientation" : 1.575185167328681,
      "x" : 0.1250293381828558,
      "y" : -0.51690917954629467
   },
   "map0_work.csv" : {
      "map_size" : 177.54500000000004
   }
}
