{
   "charging_pose": {
      "orientation": -1.518115032497305,
      "x": 0,
      "y": 0
   },
   "map0_work.csv": {
      "map_size": 204.23770000000013
   },
   "map1_work.csv": {
      "map_size": 141.2210999999998
   }
}